Hgenerator_cod;-6;-5;-4;-3;-2;-1;0
1;0;601.27;574.89;601.27;601.27;601.27;513.7
2;862.0689655;862.0689655;862.0689655;862.0689655;862.0689655;862.0689655;360.9195402
3;879.1208791;879.1208791;879.1208791;879.1208791;879.1208791;879.1208791;879.1208791
